cluster_id	Amplitude	ContamPct	KSLabel	amp	ch	depth	fr	group	n_spikes	neuron_type	sh	unstable
0	2738.70000000	640.70000000	mua	162.99818420	0	20.00000000	0.00801138		32		0	
1	1156.30000000	0.00000000	mua	72.10339355	27	280.00000000	0.02904124		116		0	
2	5968.60000000	578.60000000	mua	136.48095703	2	40.00000000	0.12342529		493		0	
3	2028.90000000	567.00000000	mua	79.60148621	2	40.00000000	0.26011942		1039		0	
4	2874.70000000	558.50000000	mua	101.17630768	8	100.00000000	0.15572116		622		0	
5	2725.10000000	45.70000000	mua	124.71266937	12	140.00000000	1.39873650		5587		0	
6	1888.60000000	424.70000000	mua	108.17234802	12	140.00000000	0.04105831		164		0	
7	1338.50000000	411.30000000	mua	102.89720154	8	100.00000000	0.19853196		793		0	
8	1768.80000000	131.50000000	mua	128.98710632	15	160.00000000	0.98189449		3922		0	
9	2309.70000000	0.00000000	mua	153.71142578	15	160.00000000	0.05557893		222		0	
10	2034.80000000	17.50000000	mua	107.96006012	16	180.00000000	2.71811028		10857		0	
11	1358.80000000	66.00000000	mua	103.84165192	17	180.00000000	0.45439534		1815		0	
12	328.70000000	80.20000000	mua	21.97666359	1	20.00000000	8.61573614	mua	34414		0	
13	299.80000000	42.90000000	mua	18.63968658	2	40.00000000	16.94306268	mua	67676		0	
14	1573.40000000	0.00000000	good	124.46505737	20	220.00000000	0.24785200		990		0	
15	3232.80000000	0.00000000	good	134.87770081	20	220.00000000	0.07009956		280		0	
16	2032.10000000	178.60000000	mua	112.83540344	8	100.00000000	0.07886200		315		0	
17	1399.70000000	3.70000000	good	117.26022339	22	240.00000000	1.91722286		7658		0	
18	2036.80000000	1122.40000000	mua	124.81857300	25	260.00000000	0.53200556		2125		0	
19	550.70000000	275.10000000	mua	38.92784119	8	100.00000000	0.30092738		1202		0	
20	1929.60000000	9.40000000	good	158.31134033	23	240.00000000	2.64300362		10557		0	
21	2146.90000000	0.00000000	mua	131.31063843	25	260.00000000	0.01376956		55		0	
22	1653.90000000	0.00000000	mua	136.05226135	25	260.00000000	0.02153058		86		0	
23	1324.30000000	91.00000000	mua	91.92012024	28	300.00000000	2.46024406		9827		0	
24	5856.90000000	309.90000000	mua	128.55664062	27	280.00000000	0.17950493		717		0	
25	4630.60000000	341.20000000	mua	76.65182495	27	280.00000000	0.23908956		955		0	
26	5661.40000000	336.60000000	mua	78.27265167	28	300.00000000	0.24484773		978		0	
27	4304.60000000	73.10000000	mua	119.06874847	28	300.00000000	0.20679369		826		0	
28	2321.00000000	285.70000000	mua	93.22840881	30	320.00000000	0.06834707		273		0	
29	1740.90000000	217.70000000	mua	108.50527954	29	300.00000000	0.04055760		162		0	
30	1981.90000000	86.40000000	mua	146.38940430	29	300.00000000	2.03188570		8116		0	
31	2600.50000000	323.70000000	mua	115.99125671	30	320.00000000	0.17499853		699		0	
32	1523.90000000	183.10000000	mua	118.04116821	30	320.00000000	0.23984062		958		0	
33	2148.80000000	147.60000000	mua	172.02183533	30	320.00000000	1.09104952		4358		0	
34	807.60000000	340.50000000	mua	61.98004150	30	320.00000000	0.59259160		2367		0	
35	4094.90000000	275.10000000	mua	101.93302917	31	320.00000000	0.35850916		1432		0	
36	1119.50000000	344.90000000	mua	81.50910187	29	300.00000000	0.05607964		224		0	
37	1597.70000000	78.00000000	mua	118.14995575	33	340.00000000	0.07685916		307		0	
38	8303.10000000	248.60000000	mua	123.49370575	33	340.00000000	1.08153601		4320		0	
39	2896.70000000	37.90000000	mua	174.97943115	33	340.00000000	7.29711342	mua	29147		0	
40	1559.70000000	4.70000000	good	107.52841187	36	380.00000000	14.60674462	mua	58344		0	
41	2745.20000000	55.60000000	mua	186.57983398	34	360.00000000	6.53828573	mua	26116		0	
42	2392.00000000	163.80000000	mua	174.87661743	34	360.00000000	0.42635551		1703		0	
43	2537.60000000	199.10000000	mua	180.08967590	35	360.00000000	1.31486739		5252		0	
44	2122.30000000	69.70000000	mua	180.73072815	36	380.00000000	1.55721156		6220		0	
45	2061.20000000	18.30000000	mua	154.95478821	37	400.00000000	4.44806718	mua	17767		0	
46	1711.50000000	72.40000000	mua	124.85214233	37	400.00000000	0.83718898		3344		0	
47	1881.50000000	41.30000000	mua	137.04136658	37	400.00000000	1.13160712		4520		0	
48	1595.80000000	199.30000000	mua	104.76478577	37	400.00000000	0.94108654		3759		0	
49	2656.20000000	279.70000000	mua	146.52845764	38	400.00000000	1.89243766		7559		0	
50	1641.20000000	173.80000000	mua	135.28890991	39	420.00000000	1.78929117		7147		0	
51	359.30000000	90.30000000	mua	26.64354134	37	400.00000000	6.00452768	mua	23984		0	
52	314.60000000	37.00000000	mua	23.49358749	37	400.00000000	3.06660522		12249		0	
53	1261.60000000	49.00000000	mua	102.21405029	43	460.00000000	0.83168116		3322		0	
54	1541.20000000	27.90000000	mua	131.45306396	43	460.00000000	0.49945934		1995		0	
55	2271.60000000	132.60000000	mua	175.09986877	44	460.00000000	3.01528233		12044		0	
56	1735.50000000	106.50000000	mua	138.81079102	46	480.00000000	0.23633565		944		0	
57	2002.10000000	4.60000000	good	161.92880249	46	480.00000000	0.29717205		1187		0	
58	1366.80000000	17.30000000	mua	103.23025513	46	480.00000000	3.53852544		14134		0	
60	1355.40000000	1.00000000	good	126.31269836	47	500.00000000	7.55497965	mua	30177		0	
61	1521.80000000	132.30000000	mua	91.90394592	48	500.00000000	0.76708943		3064		0	
62	1355.70000000	3.60000000	good	93.60532379	50	520.00000000	2.78395379		11120		0	
63	1299.00000000	0.00000000	mua	106.51552582	54	560.00000000	0.01652347		66		0	
64	1279.70000000	0.70000000	good	115.13374329	54	560.00000000	4.57649958	mua	18280		0	
65	3771.60000000	133.00000000	mua	105.42369080	52	540.00000000	8.94695654	mua	35737		0	
66	1906.80000000	224.00000000	mua	147.00929260	53	560.00000000	2.15606206		8612		0	
67	3113.00000000	374.00000000	mua	123.48051453	53	560.00000000	0.20704405		827		0	
68	1947.60000000	219.50000000	mua	152.01364136	53	560.00000000	1.29609072		5177		0	
69	2972.10000000	9.70000000	good	150.37191772	51	540.00000000	0.79262569		3166		0	
70	1615.50000000	0.00000000	mua	112.47515106	54	560.00000000	0.07610809		304		0	
71	1516.00000000	0.00000000	mua	111.57955933	54	560.00000000	0.06308960		252		0	
72	1389.50000000	0.00000000	mua	106.62677002	54	560.00000000	0.01276813		51		0	
73	1403.70000000	0.00000000	good	86.49371338	53	560.00000000	1.38922299		5549		0	
74	2032.30000000	0.00000000	mua	166.36657715	56	580.00000000	0.01001422		40		0	
75	739.90000000	263.40000000	mua	56.92022324	57	600.00000000	2.01911757		8065		0	
76	779.50000000	26.80000000	mua	52.63240051	0	20.00000000	6.25037684	mua	24966		0	
77	1538.00000000	0.00000000	mua	121.20915985	66	680.00000000	0.04681649		187		0	
78	1339.20000000	193.00000000	mua	100.05274963	58	600.00000000	0.44463147		1776		0	
79	1079.80000000	0.00000000	good	103.14151001	58	600.00000000	0.65142516		2602		0	
80	1206.40000000	181.80000000	mua	91.39823151	59	620.00000000	0.04806827		192		0	
81	907.70000000	0.00000000	mua	73.28659821	66	680.00000000	0.01827596		73		0	
82	6119.90000000	176.80000000	mua	102.53604126	63	660.00000000	0.82942796		3313		0	
83	2273.30000000	290.20000000	mua	162.76420593	63	660.00000000	0.21755898		869		0	
84	1284.40000000	47.80000000	mua	92.80519867	62	640.00000000	1.09630698		4379		0	
85	945.10000000	203.40000000	mua	76.65119934	64	660.00000000	0.67545929		2698		0	
86	757.80000000	25.00000000	mua	52.06623840	0	20.00000000	6.96864693	mua	27835		0	
87	2180.10000000	328.20000000	mua	130.98229980	66	680.00000000	0.44388040		1773		0	
88	2014.10000000	78.00000000	mua	110.97579956	65	680.00000000	0.14420480		576		0	
89	1520.80000000	198.40000000	mua	109.96096802	68	700.00000000	1.64258281		6561		0	
90	2110.60000000	70.20000000	mua	163.94329834	68	700.00000000	0.02653769		106		0	
91	2038.40000000	0.00000000	mua	164.39817810	68	700.00000000	0.02228164		89		0	
92	1833.90000000	0.00000000	mua	151.35220337	68	700.00000000	0.03429871		137		0	
94	1234.70000000	0.00000000	mua	97.42326355	73	760.00000000	0.02879089		115		0	
95	2095.00000000	67.80000000	mua	153.82556152	73	760.00000000	0.05407680		216		0	
96	1603.70000000	195.70000000	mua	119.49758911	72	740.00000000	1.12584894		4497		0	
97	2113.50000000	24.40000000	mua	161.90478516	72	740.00000000	2.25920855		9024		0	
98	1900.80000000	189.80000000	mua	133.60298157	74	780.00000000	0.25886765		1034		0	
99	961.20000000	134.50000000	mua	78.31553650	77	800.00000000	0.03054338		122		0	
100	1254.50000000	41.50000000	mua	97.14385986	78	820.00000000	0.12843240		513		0	
101	1865.70000000	127.40000000	mua	115.45745087	73	760.00000000	0.93432694		3732		0	
102	1284.40000000	201.30000000	mua	89.92179871	73	760.00000000	1.79104366		7154		0	
103	816.00000000	0.00000000	mua	66.58633423	73	760.00000000	0.01477098		59		0	
104	2632.10000000	212.40000000	mua	137.43951416	77	800.00000000	2.99550424		11965		0	
105	1689.60000000	195.50000000	mua	104.77744293	78	820.00000000	0.80364134		3210		0	
106	1618.50000000	2.60000000	good	100.57251740	78	820.00000000	4.44881825	mua	17770		0	
107	1773.50000000	1057.10000000	mua	126.62971497	77	800.00000000	0.05532858		221		0	
108	405.30000000	323.80000000	mua	26.15553856	79	820.00000000	0.28415356		1135		0	
109	3148.10000000	1.90000000	good	78.67453766	80	840.00000000	3.01478162		12042		0	
110	1342.00000000	434.20000000	mua	79.80081940	83	860.00000000	0.22306680		891		0	
111	2272.50000000	0.40000000	good	176.44184875	82	860.00000000	1.01969818		4073		0	
112	1971.80000000	4.30000000	good	168.81915283	83	860.00000000	0.15697293		627		0	
113	1803.90000000	0.50000000	good	132.02113342	86	900.00000000	0.82992867		3315		0	
114	1862.30000000	0.00000000	mua	154.55970764	84	880.00000000	0.01126600		45		0	
115	1657.70000000	0.00000000	mua	131.70747375	84	880.00000000	0.00625889		25		0	
116	1745.90000000	0.00000000	mua	134.11009216	84	880.00000000	0.01452062		58		0	
118	1349.40000000	0.00000000	mua	114.19515991	84	880.00000000	0.01802560		72		0	
119	1174.40000000	0.90000000	good	92.66832733	85	880.00000000	1.31211347		5241		0	
120	1541.80000000	0.00000000	mua	115.69483948	85	880.00000000	0.02528591		101		0	
121	1503.00000000	100.00000000	good	127.61118317	84	880.00000000	0.01051493		42		0	
122	1598.00000000	0.00000000	mua	122.92086792	84	880.00000000	0.00926316		37		0	
123	1348.10000000	0.00000000	mua	107.50273132	84	880.00000000	0.00650924		26		0	
124	1445.60000000	0.00000000	mua	118.07062531	84	880.00000000	0.00751067		30		0	
125	1292.30000000	0.00000000	good	139.18940735	84	880.00000000	0.10289613		411		0	
126	1443.40000000	100.00000000	good	124.21951294	84	880.00000000	0.00425604		17		0	
127	1161.70000000	97.50000000	mua	98.09585571	73	760.00000000	0.06158747		246		0	
128	2807.00000000	19.50000000	mua	156.45153809	83	860.00000000	2.40341335		9600		0	
129	1511.50000000	0.00000000	good	145.48245239	85	880.00000000	0.87949907		3513		0	
130	2296.20000000	1.00000000	good	133.36549377	85	880.00000000	7.09908218	mua	28356		0	
131	9560.90000000	0.00000000	good	152.87130737	86	900.00000000	2.49954988		9984		0	
133	1974.00000000	0.00000000	mua	170.02972412	86	900.00000000	0.00200284		8		0	
134	1516.70000000	100.00000000	mua	147.21420288	86	900.00000000	0.00650924		26		0	
136	1039.10000000	0.00000000	mua	77.87258148	83	860.00000000	0.05758178		230		0	
140	1244.10000000	0.80000000	good	101.50012207	88	920.00000000	2.25795677		9019		0	
143	1155.60000000	0.00000000	good	142.09686279	89	920.00000000	1.65910628		6627		0	
145	1637.00000000	0.00000000	mua	132.17605591	89	920.00000000	0.00976387		39		0	
147	1133.60000000	2.70000000	good	68.93101501	89	920.00000000	1.04473374		4173		0	
148	707.70000000	39.40000000	mua	51.83731461	0	20.00000000	6.41135546	mua	25609		0	
151	2121.90000000	1.80000000	good	90.86483765	96	1000.00000000	65.68779035	good	262378	pNuc	0	y
152	2996.30000000	676.00000000	mua	142.13183594	99	1020.00000000	0.08512089		340		0	
153	2203.40000000	401.50000000	mua	80.76045227	104	1080.00000000	0.77860578		3110		0	
154	2204.40000000	5.00000000	good	146.71301270	105	1080.00000000	16.43709410	good	65655	pNuc	0	y
156	1638.50000000	3258.50000000	mua	117.75341797	107	1100.00000000	0.93783192		3746		0	
157	1584.00000000	10.30000000	mua	125.73133087	108	1120.00000000	5.08321923	mua	20304		0	
158	320.00000000	384.50000000	mua	25.35615540	110	1140.00000000	0.80614489		3220		0	
159	701.90000000	24950.00000000	mua	58.06477356	115	1200.00000000	0.04481364		179		0	
160	1747.10000000	10078.40000000	mua	112.06341553	111	1160.00000000	0.19853196		793		0	
161	1481.50000000	253.00000000	mua	125.20708466	113	1180.00000000	0.19077093		762		0	
162	1686.00000000	0.00000000	mua	151.68252563	116	1200.00000000	0.01702418		68		0	
163	980.30000000	100.00000000	mua	72.58303070	120	1240.00000000	0.00475676		19		0	
164	988.30000000	inf	mua	80.13907623	117	1220.00000000	0.01326884		53		0	
165	1290.10000000	91.80000000	mua	105.88124084	118	1220.00000000	1.06426147		4251		0	
166	2180.20000000	4281.10000000	mua	124.30587769	120	1240.00000000	0.25361018		1013		0	
167	1915.20000000	1903.10000000	mua	130.12500000	120	1240.00000000	1.84612188		7374		0	
168	1407.30000000	97.50000000	mua	123.56585693	120	1240.00000000	0.02803982		112		0	
169	1325.30000000	1742.90000000	mua	105.28771973	121	1260.00000000	1.34140507		5358		0	
170	2125.90000000	3986.40000000	mua	130.16311646	122	1260.00000000	0.84770392		3386		0	
172	1216.60000000	100.00000000	good	115.43822479	124	1280.00000000	0.00350498		14		0	
173	1295.60000000	100.00000000	mua	107.81792450	124	1280.00000000	0.00700996		28		0	
174	1045.10000000	1.90000000	good	96.67600250	122	1260.00000000	2.53334788		10119		0	
175	2083.40000000	1.10000000	good	64.83367157	128	1320.00000000	5.18085790	mua	20694		0	
176	1245.40000000	0.00000000	mua	102.11001587	130	1340.00000000	0.06659458		266		0	
177	3406.30000000	4.70000000	good	123.97839355	126	1300.00000000	17.69513077	mua	70680		0	
178	1272.60000000	50.00000000	mua	111.61981201	125	1300.00000000	1.94050592		7751		0	
179	1345.60000000	0.00000000	good	110.34385681	130	1340.00000000	0.41283631		1649		0	
181	1443.80000000	0.00000000	good	82.90053558	133	1380.00000000	96.20788524	good	384285	pNuc	0	
182	1871.90000000	0.00000000	good	116.72243500	135	1400.00000000	0.59359303		2371		0	
183	1697.90000000	0.00000000	good	81.27267456	135	1400.00000000	1.63732534		6540		0	
184	1449.40000000	31.50000000	mua	116.55667114	137	1420.00000000	3.02955260		12101		0	
185	967.50000000	100.00000000	good	85.74618530	149	1540.00000000	0.01877667		75		0	
186	1337.10000000	0.00000000	mua	108.59841919	140	1440.00000000	0.11291036		451		0	
187	776.70000000	0.70000000	good	86.23255920	139	1440.00000000	36.31657711	mua	145060		0	
188	1700.60000000	235.30000000	mua	129.68121338	141	1460.00000000	0.10189471		407		0	
189	1084.80000000	0.00000000	mua	89.95371246	141	1460.00000000	0.01076529		43		0	
190	763.70000000	100.00000000	good	68.16783142	142	1460.00000000	0.00650924		26		0	
191	1116.90000000	100.00000000	mua	98.19246674	146	1500.00000000	0.00525747		21		0	
193	1264.70000000	0.00000000	mua	106.71212769	134	1380.00000000	0.02228164		89		0	
195	1443.90000000	0.00000000	mua	119.83206940	147	1520.00000000	0.05132289		205		0	
197	1543.10000000	0.00000000	mua	130.22512817	144	1480.00000000	0.02403413		96		0	
198	800.20000000	0.00000000	good	74.75617981	145	1500.00000000	0.50697000		2025		0	
199	1391.50000000	0.00000000	mua	110.83419800	143	1480.00000000	0.04731720		189		0	
200	2052.30000000	2.10000000	good	122.84542084	144	1480.00000000	31.83571335	mua	127162		0	
201	1196.70000000	4.70000000	good	111.31717682	145	1500.00000000	40.86128153	mua	163213		0	
203	1457.00000000	0.00000000	mua	125.65973663	143	1480.00000000	0.00951351		38		0	
204	1703.50000000	116.80000000	mua	128.66743469	149	1540.00000000	0.57832134		2310		0	
205	898.80000000	0.00000000	good	86.23978424	147	1520.00000000	0.39230716		1567		0	
206	1662.40000000	249.90000000	mua	110.49493408	150	1560.00000000	1.19770098		4784		0	
207	913.80000000	100.00000000	mua	76.75640869	154	1600.00000000	0.01226742		49		0	
208	1553.30000000	0.00000000	mua	132.73620605	149	1540.00000000	0.00550782		22		0	
209	3814.40000000	72.00000000	mua	151.78527832	149	1540.00000000	1.59676774		6378		0	
211	3886.30000000	74.70000000	mua	180.61404419	149	1540.00000000	2.63949864		10543		0	
212	2615.50000000	8.80000000	good	175.22195435	150	1560.00000000	11.25999153	mua	44976		0	
214	1171.40000000	0.00000000	mua	100.56501007	151	1560.00000000	0.03730298		149		0	
216	1677.50000000	0.00000000	good	141.46595764	157	1620.00000000	1.20821592		4826		0	
219	1588.50000000	0.00000000	mua	127.12681580	153	1580.00000000	0.06984920		279		0	
220	2120.40000000	0.00000000	mua	173.80332947	153	1580.00000000	0.01026458		41		0	
221	2193.60000000	0.00000000	mua	180.69824219	153	1580.00000000	0.11541391		461		0	
222	1669.50000000	0.00000000	mua	144.10678101	153	1580.00000000	0.05232431		209		0	
223	1551.40000000	0.10000000	good	112.07305145	154	1600.00000000	2.51782584		10057		0	
224	1791.50000000	63.40000000	mua	157.78257751	155	1600.00000000	2.25770641		9018		0	
225	1680.10000000	0.00000000	mua	143.32913208	155	1600.00000000	0.04932004		197		0	
226	1030.70000000	0.00000000	mua	87.34727478	161	1660.00000000	0.02102987		84		0	
227	2101.00000000	17.70000000	mua	115.99234772	157	1620.00000000	0.88075085		3518		0	
228	1579.10000000	58.80000000	mua	109.41752625	162	1680.00000000	0.25986907		1038		0	
229	1300.00000000	87.80000000	mua	105.86877441	162	1680.00000000	0.26687902		1066		0	
230	1996.30000000	28.10000000	mua	119.55732727	158	1640.00000000	1.06451183		4252		0	
231	1452.30000000	322.80000000	mua	100.62841034	160	1660.00000000	7.90522707	mua	31576		0	
232	1795.40000000	0.00000000	good	179.98576355	161	1660.00000000	0.18150778		725		0	
233	1481.40000000	181.30000000	mua	120.33290863	161	1660.00000000	1.01193716		4042		0	
234	371.00000000	533.30000000	mua	30.95328140	166	1720.00000000	0.07185204		287		0	
235	1460.20000000	0.00000000	mua	125.49525452	162	1680.00000000	0.00575818		23		0	
236	2413.80000000	153.10000000	mua	187.28582764	163	1680.00000000	1.27430979		5090		0	
237	1268.50000000	100.00000000	good	123.55139160	163	1680.00000000	0.00600853		24		0	
238	1682.70000000	17.40000000	mua	123.61305237	164	1700.00000000	11.94771825	mua	47723		0	
239	1213.30000000	585.00000000	mua	85.14993286	165	1700.00000000	0.03379800		135		0	
240	2436.50000000	419.00000000	mua	168.81803894	165	1700.00000000	0.23082782		922		0	
241	1884.80000000	0.00000000	mua	166.66244507	165	1700.00000000	0.02904124		116		0	
242	1918.80000000	100.00000000	mua	164.04391479	165	1700.00000000	0.00650924		26		0	
243	1867.00000000	100.00000000	good	172.32931519	165	1700.00000000	0.00075107		3		0	
244	1780.10000000	100.00000000	good	163.71777344	165	1700.00000000	0.01902702		76		0	
245	1697.70000000	32.00000000	mua	145.92895508	166	1720.00000000	1.98857419		7943		0	
246	1030.50000000	0.00000000	mua	87.19363403	166	1720.00000000	0.01702418		68		0	
247	1218.50000000	800.00000000	mua	96.49003601	169	1740.00000000	0.01351920		54		0	
248	401.90000000	0.00000000	good	46.04400635	174	1800.00000000	1.37420165		5489		0	
249	1274.40000000	0.00000000	good	119.00151062	171	1760.00000000	0.34073391		1361		0	
250	1385.20000000	0.00000000	mua	123.42330933	168	1740.00000000	0.02728876		109		0	
251	708.70000000	240.00000000	mua	55.87564850	168	1740.00000000	0.03129444		125		0	
252	919.80000000	11.30000000	mua	75.33576965	170	1760.00000000	7.03524151	mua	28101		0	
253	1734.20000000	0.20000000	good	95.74786377	172	1780.00000000	46.83126015	good	187059	pNuc	0	y
255	737.30000000	0.00000000	mua	61.21554184	171	1760.00000000	0.01251778		50		0	
257	1135.20000000	14.30000000	mua	96.37607574	174	1800.00000000	1.04323161		4167		0	
263	917.70000000	0.00000000	mua	70.41462708	171	1760.00000000	0.07310382		292		0	
264	1414.10000000	86.70000000	mua	122.76782990	178	1840.00000000	0.15021333		600		0	
265	1228.00000000	0.90000000	good	84.63354492	178	1840.00000000	49.95845141	good	199550	pNuc	0	y
266	1549.60000000	612.50000000	mua	101.35337830	178	1840.00000000	0.07510667		300		0	
267	836.80000000	0.00000000	mua	63.84158325	178	1840.00000000	0.08487053		339		0	
269	769.20000000	9.40000000	good	80.64992523	179	1840.00000000	5.69909390	mua	22764		0	
271	2118.50000000	1.70000000	good	122.16770935	180	1860.00000000	37.51803342	good	149859	pNuc	0	y
272	1522.60000000	0.00000000	mua	117.19274139	180	1860.00000000	0.03530013		141		0	
275	823.40000000	21.60000000	mua	65.36059570	181	1860.00000000	5.27824621	mua	21083		0	
276	2175.40000000	386.40000000	mua	129.30654907	183	1880.00000000	0.65618192		2621		0	
277	1256.20000000	425.50000000	mua	85.48231506	186	1920.00000000	0.03229587		129		0	
278	2013.10000000	0.20000000	good	125.02925110	182	1880.00000000	50.94560337	good	203493	pNuc	0	
279	1390.00000000	11.60000000	mua	100.11981964	181	1860.00000000	14.66157249	mua	58563		0	
285	820.80000000	34.80000000	mua	63.63902283	189	1960.00000000	2.92590540		11687		0	
287	1260.30000000	11.20000000	mua	95.81031036	189	1960.00000000	27.51382536	mua	109899		0	
288	946.60000000	57.80000000	mua	75.31782532	187	1940.00000000	1.56472223		6250		0	
289	3326.30000000	0.30000000	good	110.56253052	187	1940.00000000	17.37292317	mua	69393		0	
292	899.30000000	2.00000000	good	84.96220398	188	1940.00000000	18.32953175	mua	73214		0	
293	582.30000000	0.00000000	good	73.79869080	190	1960.00000000	1.15839516		4627		0	
295	1397.80000000	100.00000000	mua	127.43023682	201	2080.00000000	0.00751067		30		0	
296	1590.30000000	0.00000000	good	100.96015930	229	2360.00000000	38.40228925	mua	153391		0	
297	1333.60000000	1.00000000	good	130.63481140	230	2380.00000000	19.56578749	mua	78152		0	
298	3516.90000000	0.00000000	good	144.69743347	232	2400.00000000	33.64077691	mua	134372		0	
299	1219.60000000	0.80000000	good	111.28254700	235	2420.00000000	14.63929084	mua	58474		0	
300	1097.30000000	0.80000000	good	102.60245514	240	2480.00000000	101.03273754	good	403557	pPC	0	
301	2126.80000000	0.00000000	good	130.86161804	238	2460.00000000	15.58939018	mua	62269		0	
303	1147.30000000	1.00000000	good	103.03868103	239	2460.00000000	29.34192164	mua	117201		0	
304	1303.20000000	4.70000000	good	132.34118652	239	2460.00000000	16.03602450	mua	64053		0	
309	583.60000000	100.00000000	mua	53.38386917	247	2540.00000000	0.01076529		43		0	
313	756.10000000	0.00000000	mua	63.93801880	253	2600.00000000	0.05232431		209		0	
314	652.30000000	3.00000000	good	59.47614288	255	2620.00000000	7.92150018	mua	31641		0	
316	2009.80000000	0.70000000	good	156.88073730	260	2680.00000000	17.42725033	mua	69610		0	
320	859.90000000	0.80000000	good	89.38235474	262	2700.00000000	14.17838626	mua	56633		0	
321	975.70000000	0.10000000	good	81.06074524	264	2720.00000000	46.72836401	good	186648	pPC	0	y
322	1027.70000000	0.80000000	good	111.83939362	268	2760.00000000	44.48743142	good	177697		0	y
323	850.20000000	15.30000000	mua	73.08766937	271	2800.00000000	3.83870176	mua	15333		0	
324	279.20000000	48.60000000	mua	20.75316620	286	2940.00000000	5.80299146	mua	23179		0	
325	1026.90000000	341.20000000	mua	63.46003723	297	3060.00000000	0.05658036		226		0	
326	279.40000000	8.80000000	mua	20.48906136	307	3160.00000000	10.88445820	mua	43476		0	
327	338.40000000	38.80000000	mua	21.88469696	307	3160.00000000	8.75693667	mua	34978		0	
328	290.50000000	557.10000000	mua	23.47976303	330	3400.00000000	0.04055760		162		0	
329	292.50000000	34.60000000	mua	17.81731987	329	3380.00000000	12.30597705	mua	49154		0	
330	358.10000000	29.30000000	mua	20.11598778	329	3380.00000000	10.91800584	mua	43610		0	
331	270.10000000	32.80000000	mua	18.70944023	352	3620.00000000	13.67492124	mua	54622		0	
332	420.60000000	32.40000000	mua	20.22542572	350	3600.00000000	12.59063132	mua	50291		0	
333	8531.90000000	528.20000000	mua	135.85710144	2	40.00000000	0.09538547		381		0	
334	916.80000000	249.60000000	mua	71.24787903	15	160.00000000	0.07160169		286		0	
335	2999.70000000	61.90000000	mua	139.06927490	15	160.00000000	0.08912658		356		0	
336	1708.70000000	70.80000000	mua	129.99888611	16	180.00000000	0.54978080		2196		0	
337	1265.60000000	260.00000000	mua	91.40726471	17	180.00000000	0.02628733		105		0	
338	1611.40000000	16.00000000	mua	139.13502502	22	240.00000000	0.58508094		2337		0	
339	1992.10000000	334.20000000	mua	106.12120056	29	300.00000000	0.19402556		775		0	
340	2531.90000000	361.40000000	mua	101.42339325	27	280.00000000	0.13293880		531		0	
341	4231.40000000	262.60000000	mua	114.37120056	28	300.00000000	0.12092173		483		0	
342	2686.40000000	312.00000000	mua	110.30113220	28	300.00000000	0.21180080		846		0	
343	1878.40000000	102.50000000	mua	108.41764832	28	300.00000000	1.71819019		6863		0	
344	2921.90000000	311.80000000	mua	129.05914307	28	300.00000000	0.07410524		296		0	
345	2433.90000000	66.90000000	mua	100.98292542	27	280.00000000	0.32095582		1282		0	
346	1176.60000000	100.00000000	mua	103.75019836	30	320.00000000	0.00876244		35		0	
347	2604.30000000	276.60000000	mua	107.09278870	31	320.00000000	0.38479649		1537		0	
348	3402.50000000	233.00000000	mua	111.39810181	31	320.00000000	0.47442378		1895		0	
349	1432.30000000	85.50000000	mua	102.04776001	29	300.00000000	1.23174934		4920		0	
350	1611.50000000	248.90000000	mua	121.37453461	29	300.00000000	0.05257467		210		0	
351	1083.10000000	200.00000000	mua	83.14590454	31	320.00000000	0.05633000		225		0	
352	1164.80000000	500.00000000	mua	87.21865082	31	320.00000000	0.04656613		186		0	
353	1153.80000000	326.60000000	mua	94.82712555	33	340.00000000	0.13469129		538		0	
354	1025.40000000	65.60000000	mua	76.11746979	31	320.00000000	0.06434138		257		0	
355	1695.10000000	0.00000000	mua	126.67919159	33	340.00000000	0.03705262		148		0	
356	2284.30000000	357.10000000	mua	188.91598511	35	360.00000000	0.03555049		142		0	
357	1348.60000000	152.70000000	mua	114.78334045	44	460.00000000	0.85496423		3415		0	
358	1618.20000000	139.30000000	mua	137.37275696	46	480.00000000	0.04431293		177		0	
359	1189.20000000	100.00000000	good	140.57261658	46	480.00000000	0.01026458		41		0	
360	3157.60000000	23.10000000	mua	158.79428101	46	480.00000000	7.97157129	mua	31841		0	
361	2298.20000000	257.60000000	mua	135.11926270	46	480.00000000	1.02795992		4106		0	
362	1293.00000000	499.00000000	mua	108.45117188	46	480.00000000	0.02203129		88		0	
363	1657.40000000	6.70000000	good	108.63571167	46	480.00000000	3.82067616		15261		0	
364	1516.60000000	170.70000000	mua	106.95778656	50	520.00000000	0.35650631		1424		0	
365	1944.10000000	153.00000000	mua	89.90652466	48	500.00000000	0.18801702		751		0	
366	1176.10000000	118.50000000	mua	88.42143250	48	500.00000000	0.27839538		1112		0	
367	1674.00000000	32.20000000	mua	111.27728271	56	580.00000000	0.17775245		710		0	
368	1645.40000000	0.00000000	mua	135.78729248	54	560.00000000	0.00801138		32		0	
369	1150.30000000	0.00000000	mua	96.74638367	49	520.00000000	0.00625889		25		0	
370	1305.20000000	921.80000000	mua	101.86119080	54	560.00000000	0.03129444		125		0	
371	3843.80000000	0.00000000	good	125.88156128	53	560.00000000	0.10289613		411		0	
372	4224.90000000	371.20000000	mua	120.38992310	53	560.00000000	0.47317200		1890		0	
373	4954.20000000	465.30000000	mua	119.36976624	53	560.00000000	0.22682213		906		0	
374	2165.50000000	342.00000000	mua	143.55126953	54	560.00000000	0.26437547		1056		0	
375	1296.80000000	0.00000000	good	87.10496521	54	560.00000000	0.10214507		408		0	
376	1317.40000000	0.00000000	good	94.49906158	54	560.00000000	0.98464841		3933		0	
377	1515.30000000	285.40000000	mua	116.60629272	53	560.00000000	0.12843240		513		0	
378	1620.50000000	0.00000000	mua	117.40646362	55	580.00000000	0.01051493		42		0	
379	1959.10000000	89.40000000	mua	161.52816772	56	580.00000000	0.72427863		2893		0	
380	1002.30000000	0.00000000	good	86.52865601	62	640.00000000	0.19352485		773		0	
381	2060.90000000	174.20000000	mua	152.40039062	62	640.00000000	0.12467707		498		0	
382	751.70000000	0.50000000	good	62.66218185	62	640.00000000	9.48446992	mua	37884		0	
383	1384.00000000	0.00000000	mua	115.08757782	62	640.00000000	0.01376956		55		0	
384	878.50000000	183.80000000	mua	62.23838806	66	680.00000000	0.27714360		1107		0	
385	4595.50000000	189.50000000	mua	88.30344391	63	660.00000000	0.19452627		777		0	
386	1605.30000000	216.70000000	mua	131.73950195	62	640.00000000	0.02027880		81		0	
387	1031.70000000	243.70000000	mua	78.97484589	62	640.00000000	0.01176671		47		0	
388	1510.30000000	370.80000000	mua	109.94065094	66	680.00000000	0.12192316		487		0	
389	996.60000000	210.50000000	mua	73.60137939	62	640.00000000	0.03930582		157		0	
390	1185.40000000	0.00000000	mua	87.00861359	65	680.00000000	0.01326884		53		0	
391	995.10000000	656.60000000	mua	74.83646393	67	700.00000000	0.01401991		56		0	
392	1459.40000000	0.00000000	good	126.19790649	77	800.00000000	0.09087907		363		0	
393	1096.20000000	44.20000000	mua	96.13354492	73	760.00000000	0.94258867		3765		0	
394	1193.50000000	46.60000000	mua	92.81438446	73	760.00000000	0.18075671		722		0	
395	1977.50000000	55.10000000	mua	148.73686218	73	760.00000000	1.39498116		5572		0	
396	2309.20000000	12.10000000	mua	118.15089417	73	760.00000000	0.11491320		459		0	
397	2661.40000000	104.70000000	mua	162.49801636	74	780.00000000	0.64541663		2578		0	
398	3125.40000000	126.30000000	mua	163.31579590	74	780.00000000	0.68772672		2747		0	
399	2155.30000000	93.00000000	mua	163.86346436	74	780.00000000	0.05833284		233		0	
400	1172.90000000	780.00000000	mua	89.66828918	74	780.00000000	0.03605120		144		0	
401	1440.90000000	467.30000000	mua	96.45866394	81	840.00000000	0.13794591		551		0	
402	2331.90000000	39.10000000	mua	119.85700989	73	760.00000000	2.71009891		10825		0	
403	1903.50000000	110.00000000	mua	105.00444031	76	800.00000000	0.30718627		1227		0	
404	4213.90000000	134.30000000	mua	134.03186035	73	760.00000000	1.02345352		4088		0	
405	2694.10000000	125.90000000	mua	160.63928223	76	800.00000000	1.74998534		6990		0	
406	1005.30000000	113.00000000	mua	75.68114471	73	760.00000000	0.30968982		1237		0	
407	1065.40000000	141.80000000	mua	79.53870392	73	760.00000000	0.04731720		189		0	
408	898.60000000	1560.00000000	mua	74.75738525	73	760.00000000	0.03179516		127		0	
409	818.80000000	0.00000000	mua	67.84310913	74	780.00000000	0.00826173		33		0	
410	1959.50000000	700.70000000	mua	136.70980835	77	800.00000000	0.10364720		414		0	
411	1648.20000000	1596.60000000	mua	123.21566772	77	800.00000000	0.04356187		174		0	
412	3430.90000000	383.70000000	mua	102.20068359	78	820.00000000	0.35951058		1436		0	
413	1821.30000000	284.60000000	mua	134.83090210	77	800.00000000	1.17016187		4674		0	
414	1431.40000000	465.70000000	mua	112.89239502	77	800.00000000	0.06884778		275		0	
415	1319.10000000	444.40000000	mua	92.72402954	77	800.00000000	0.17975529		718		0	
416	361.90000000	612.90000000	mua	25.97728157	83	860.00000000	0.04531436		181		0	
417	351.40000000	0.00000000	mua	27.99427414	83	860.00000000	0.23207960		927		0	
418	1856.30000000	7.90000000	good	122.28570557	79	820.00000000	3.60762358		14410		0	
419	983.00000000	731.20000000	mua	70.81558228	83	860.00000000	0.01226742		49		0	
420	878.40000000	386.20000000	mua	56.04296875	78	820.00000000	0.14145089		565		0	
421	1733.50000000	413.40000000	mua	72.90197754	83	860.00000000	0.10615076		424		0	
422	1033.50000000	334.90000000	mua	63.18669891	83	860.00000000	0.18601418		743		0	
423	2090.20000000	22.20000000	mua	164.01724243	82	860.00000000	0.03705262		148		0	
424	2707.50000000	11.50000000	mua	152.51934814	83	860.00000000	2.83277313		11315		0	
425	1804.50000000	212.70000000	mua	116.88075256	83	860.00000000	0.03104409		124		0	
426	2550.80000000	14.40000000	mua	144.60281372	83	860.00000000	0.81791160		3267		0	
427	2040.90000000	100.00000000	mua	161.50482178	83	860.00000000	0.00826173		33		0	
428	1937.50000000	368.30000000	mua	159.59866333	83	860.00000000	0.03404836		136		0	
429	1342.60000000	0.00000000	mua	119.60641479	86	900.00000000	0.06459173		258		0	
430	1550.70000000	0.90000000	good	131.49189758	86	900.00000000	1.65985734		6630		0	
431	1622.10000000	0.00000000	good	154.05802917	84	880.00000000	3.94885820	mua	15773		0	
432	1724.50000000	0.00000000	good	178.46284485	84	880.00000000	0.19828160		792		0	
433	1790.50000000	0.00000000	good	107.72021484	85	880.00000000	0.08662302		346		0	
434	1196.10000000	100.00000000	mua	103.63299561	85	880.00000000	0.00901280		36		0	
435	820.10000000	0.00000000	mua	70.75446320	88	920.00000000	0.01802560		72		0	
436	2180.60000000	100.00000000	mua	177.42163086	84	880.00000000	0.01251778		50		0	
437	1968.30000000	0.00000000	good	113.17121887	83	860.00000000	0.55979503		2236		0	
438	1930.60000000	0.60000000	good	129.85768127	85	880.00000000	2.35459401		9405		0	
439	1358.80000000	0.00000000	good	146.44398499	85	880.00000000	0.28690747		1146		0	
440	1632.30000000	0.00000000	good	166.49649048	86	900.00000000	2.13252863		8518		0	
441	2599.50000000	0.00000000	good	158.25782776	86	900.00000000	2.57265370		10276		0	
442	2176.20000000	0.00000000	good	169.60073853	86	900.00000000	1.73771792		6941		0	
443	1568.60000000	0.00000000	good	150.14562988	86	900.00000000	0.32896720		1314		0	
444	2158.40000000	0.00000000	good	158.38471985	86	900.00000000	0.04281080		171		0	
446	816.70000000	0.00000000	mua	62.88666534	87	900.00000000	0.08762444		350		0	
448	1460.90000000	100.00000000	good	129.00016785	89	920.00000000	0.01076529		43		0	
449	2272.30000000	0.00000000	mua	183.78785706	73	760.00000000	0.06208818		248		0	
450	1632.50000000	0.00000000	mua	137.19328308	89	920.00000000	0.02703840		108		0	
451	1454.90000000	100.00000000	good	134.68890381	89	920.00000000	0.00375533		15		0	
452	1124.70000000	0.00000000	good	112.27400970	89	920.00000000	0.85095854		3399		0	
456	1621.50000000	100.00000000	mua	142.04843140	99	1020.00000000	0.00951351		38		0	
457	1527.80000000	389.10000000	mua	82.64038086	104	1080.00000000	0.25786622		1030		0	
458	1100.20000000	3838.50000000	mua	92.76589966	113	1180.00000000	0.03530013		141		0	
459	1760.60000000	6072.90000000	mua	108.32451630	114	1180.00000000	0.13619342		544		0	
460	1579.70000000	8564.90000000	mua	94.13462830	113	1180.00000000	0.18250920		729		0	
461	1374.90000000	4420.00000000	mua	114.90452576	114	1180.00000000	0.08912658		356		0	
462	1110.10000000	0.00000000	mua	96.47119141	113	1180.00000000	0.01251778		50		0	
463	1760.00000000	3.90000000	good	143.40478516	116	1200.00000000	1.21122019		4838		0	
464	2807.50000000	3408.60000000	mua	131.94960022	120	1240.00000000	0.24860307		993		0	
465	1171.50000000	0.00000000	mua	100.33518982	120	1240.00000000	0.03580084		143		0	
466	1275.90000000	0.00000000	mua	106.90612793	124	1280.00000000	0.00575818		23		0	
467	1433.70000000	100.00000000	good	124.27814484	124	1280.00000000	0.00200284		8		0	
468	1056.70000000	0.00000000	mua	87.77291870	124	1280.00000000	0.00751067		30		0	
469	1320.60000000	100.00000000	mua	111.21740723	124	1280.00000000	0.00650924		26		0	
470	1482.00000000	0.00000000	good	131.61048889	122	1260.00000000	1.49387161		5967		0	
471	892.40000000	156.00000000	mua	75.24432373	128	1320.00000000	0.02553627		102		0	
472	3018.00000000	78.30000000	mua	101.05710602	130	1340.00000000	1.31837236		5266		0	
473	1879.80000000	17.10000000	mua	113.61351776	130	1340.00000000	0.06584351		263		0	
474	930.60000000	0.00000000	mua	77.75498962	144	1480.00000000	0.54978080		2196		0	
475	1017.10000000	0.00000000	mua	85.69589996	146	1500.00000000	0.04356187		174		0	
476	910.30000000	71.00000000	mua	69.07343292	144	1480.00000000	0.84169538		3362		0	
477	1420.10000000	0.00000000	mua	118.05570221	139	1440.00000000	0.06459173		258		0	
478	939.80000000	100.00000000	good	92.04705048	145	1500.00000000	0.00826173		33		0	
479	777.10000000	100.00000000	good	70.51368713	142	1460.00000000	0.00726031		29		0	
480	989.60000000	0.00000000	mua	87.07893372	142	1460.00000000	0.00550782		22		0	
481	1325.20000000	100.00000000	good	115.34228516	146	1500.00000000	0.00475676		19		0	
482	1030.60000000	100.00000000	good	89.51228333	141	1460.00000000	0.00550782		22		0	
483	1068.80000000	0.00000000	mua	87.54051971	147	1520.00000000	0.09763867		390		0	
484	1028.20000000	100.00000000	mua	86.34909821	145	1500.00000000	0.01226742		49		0	
485	873.90000000	0.00000000	mua	72.84892273	144	1480.00000000	0.00801138		32		0	
486	1272.40000000	2558.00000000	mua	98.97714233	146	1500.00000000	0.66544507		2658		0	
487	1003.00000000	100.00000000	good	94.13301849	145	1500.00000000	0.00876244		35		0	
488	1654.90000000	81.20000000	mua	124.55375671	153	1580.00000000	1.59376348		6366		0	
489	1795.00000000	96.20000000	mua	83.84129333	153	1580.00000000	1.74397681		6966		0	
490	1105.60000000	0.00000000	mua	89.31788635	157	1620.00000000	0.02954196		118		0	
491	897.00000000	0.00000000	good	81.41582489	149	1540.00000000	0.34974671		1397		0	
492	923.10000000	100.00000000	good	79.70217896	145	1500.00000000	0.00801138		32		0	
493	1282.10000000	0.00000000	mua	112.94357300	147	1520.00000000	0.03179516		127		0	
494	1471.40000000	123.90000000	mua	112.46043396	150	1560.00000000	0.44813645		1790		0	
495	1331.10000000	0.00000000	mua	107.71824646	150	1560.00000000	0.04681649		187		0	
496	1577.30000000	100.00000000	good	148.56271362	148	1540.00000000	0.00600853		24		0	
497	1153.20000000	41.00000000	mua	97.53018951	149	1540.00000000	0.32220760		1287		0	
498	2599.40000000	68.80000000	mua	153.74839783	149	1540.00000000	0.81791160		3267		0	
499	3615.30000000	85.90000000	mua	144.99386597	149	1540.00000000	1.35317179		5405		0	
500	2357.50000000	0.00000000	mua	175.43920898	149	1540.00000000	0.03354764		134		0	
501	1442.60000000	110.40000000	mua	121.30632782	151	1560.00000000	0.59960156		2395		0	
503	1203.50000000	0.00000000	mua	102.17816162	151	1560.00000000	0.01226742		49		0	
504	1159.00000000	0.00000000	good	105.21096039	153	1580.00000000	0.26813080		1071		0	
505	1840.60000000	0.00000000	good	141.74171448	161	1660.00000000	0.59559587		2379		0	
506	921.00000000	14.90000000	mua	76.50817108	149	1540.00000000	0.28265142		1129		0	
507	2192.00000000	0.00000000	mua	144.31301880	153	1580.00000000	0.04256044		170		0	
508	1580.70000000	371.10000000	mua	111.70989990	154	1600.00000000	0.42335125		1691		0	
509	1453.70000000	70.30000000	mua	107.73121643	154	1600.00000000	0.14470551		578		0	
510	1250.50000000	390.00000000	mua	93.30007172	154	1600.00000000	0.04005689		160		0	
511	1032.20000000	6.80000000	good	91.30272675	162	1680.00000000	6.50674093	mua	25990		0	
512	1525.50000000	29.40000000	mua	115.44692230	162	1680.00000000	3.64042016		14541		0	
513	1508.00000000	51.60000000	mua	115.63966370	162	1680.00000000	2.08395966		8324		0	
514	1261.90000000	32.80000000	mua	91.84817505	160	1660.00000000	0.13794591		551		0	
515	1463.30000000	0.00000000	mua	126.75543213	158	1640.00000000	0.07911236		316		0	
516	1617.40000000	4.10000000	good	127.07466125	158	1640.00000000	0.62663996		2503		0	
517	1561.40000000	180.90000000	mua	124.88039398	161	1660.00000000	1.21272232		4844		0	
518	845.40000000	0.00000000	good	90.45782471	161	1660.00000000	0.46315778		1850		0	
519	890.10000000	0.00000000	mua	72.71014404	175	1800.00000000	0.02253200		90		0	
520	1771.90000000	0.00000000	good	163.67448425	162	1680.00000000	0.39155609		1564		0	
521	2269.10000000	205.40000000	mua	168.16232300	162	1680.00000000	1.06826716		4267		0	
522	1062.90000000	0.00000000	mua	77.99972534	158	1640.00000000	0.02077951		83		0	
523	1335.00000000	0.00000000	mua	107.41091156	158	1640.00000000	0.01652347		66		0	
524	1691.00000000	196.30000000	mua	132.63456726	163	1680.00000000	1.66962121		6669		0	
525	1988.00000000	inf	mua	149.04151917	165	1700.00000000	0.00600853		24		0	
526	1867.30000000	0.00000000	mua	162.90530396	165	1700.00000000	0.02453484		98		0	
527	2454.60000000	243.40000000	mua	165.41853333	165	1700.00000000	0.80664560		3222		0	
528	1911.00000000	0.00000000	mua	165.94047546	165	1700.00000000	0.05157324		206		0	
529	2525.60000000	331.60000000	mua	171.15411377	165	1700.00000000	0.28390320		1134		0	
530	1188.40000000	100.00000000	good	114.48075104	165	1700.00000000	0.01852631		74		0	
531	2019.40000000	260.00000000	mua	144.25576782	165	1700.00000000	0.07710951		308		0	
532	1772.30000000	54.60000000	mua	143.16993713	166	1720.00000000	0.72127436		2881		0	
533	1175.10000000	38.20000000	mua	101.69767761	166	1720.00000000	0.96186605		3842		0	
534	1104.80000000	0.00000000	mua	90.63524628	166	1720.00000000	0.02253200		90		0	
535	967.00000000	100.00000000	good	92.17509460	166	1720.00000000	0.01326884		53		0	
536	870.90000000	46.90000000	mua	72.33322906	158	1640.00000000	1.77677339		7097		0	
537	925.00000000	0.00000000	mua	81.32397461	168	1740.00000000	0.00600853		24		0	
538	1258.70000000	100.00000000	mua	113.89882660	171	1760.00000000	0.00350498		14		0	
539	1347.10000000	29.50000000	mua	117.99865723	171	1760.00000000	0.39280787		1569		0	
540	1389.70000000	100.00000000	good	124.93778992	168	1740.00000000	0.00751067		30		0	
541	940.10000000	0.00000000	mua	77.53370667	171	1760.00000000	0.05708107		228		0	
542	1018.40000000	0.00000000	mua	81.78114319	171	1760.00000000	0.00776102		31		0	
545	1198.00000000	0.00000000	good	103.57677460	177	1820.00000000	0.29541956		1180		0	
546	1227.30000000	0.00000000	good	102.75504303	178	1840.00000000	1.02145067		4080		0	
547	908.90000000	80.10000000	mua	76.81248474	178	1840.00000000	0.88175227		3522		0	
548	1527.10000000	0.20000000	good	137.49748230	179	1840.00000000	9.18379290	mua	36683		0	
549	1575.20000000	0.00000000	good	131.49468994	179	1840.00000000	0.69348489		2770		0	
550	1361.30000000	0.00000000	mua	124.13184357	179	1840.00000000	0.00225320		9		0	
552	1084.70000000	0.00000000	mua	76.72784424	180	1860.00000000	0.07836129		313		0	
555	1330.80000000	121.10000000	mua	105.22438049	181	1860.00000000	0.65543085		2618		0	
557	765.80000000	0.00000000	good	82.51606750	189	1960.00000000	0.54477369		2176		0	
558	1178.60000000	41.10000000	mua	97.15803528	192	1980.00000000	0.55503827		2217		0	
561	1450.00000000	1.00000000	good	123.16595459	201	2080.00000000	4.89720505	mua	19561		0	
562	656.50000000	0.40000000	good	80.89923859	230	2380.00000000	5.18386216	mua	20706		0	
563	517.30000000	0.00000000	good	46.71141815	253	2600.00000000	0.85120889		3400		0	
565	1076.20000000	0.00000000	mua	94.41863251	262	2700.00000000	0.19001987		759		0	
566	1400.10000000	307.70000000	mua	104.22196198	17	180.00000000	0.03029302		121		0	
567	3244.00000000	239.80000000	mua	121.86088562	29	300.00000000	0.10239542		409		0	
568	3884.60000000	430.90000000	mua	133.32562256	27	280.00000000	0.10214507		408		0	
569	1532.80000000	0.00000000	mua	134.42825317	30	320.00000000	0.01727453		69		0	
570	1697.20000000	390.00000000	mua	130.16339111	29	300.00000000	0.02178093		87		0	
571	1135.20000000	24.70000000	mua	75.33419037	33	340.00000000	0.15972685		638		0	
572	2373.10000000	32.00000000	mua	161.74108887	35	360.00000000	0.43486760		1737		0	
573	1415.00000000	0.00000000	mua	113.67121887	44	460.00000000	0.02077951		83		0	
574	1043.40000000	100.00000000	good	112.70230865	46	480.00000000	0.00575818		23		0	
575	2693.20000000	244.40000000	mua	166.15554810	46	480.00000000	0.28114929		1123		0	
576	1287.10000000	260.00000000	mua	100.87225342	50	520.00000000	0.01276813		51		0	
577	1575.40000000	152.70000000	mua	116.31602478	50	520.00000000	0.27664289		1105		0	
578	1224.70000000	100.00000000	good	117.96254730	54	560.00000000	0.01201707		48		0	
579	1444.10000000	0.00000000	mua	116.60459900	54	560.00000000	0.01452062		58		0	
580	1032.70000000	0.00000000	mua	86.96582031	49	520.00000000	0.00625889		25		0	
581	1110.70000000	204.30000000	mua	90.34575653	49	520.00000000	0.01627311		65		0	
582	1311.30000000	0.00000000	mua	105.80369568	54	560.00000000	0.01927738		77		0	
583	1218.70000000	390.00000000	mua	102.91935730	54	560.00000000	0.01401991		56		0	
584	2782.90000000	19.10000000	mua	123.72906494	53	560.00000000	0.26763009		1069		0	
585	4282.10000000	333.00000000	mua	126.34616089	53	560.00000000	0.20879653		834		0	
586	1549.40000000	222.90000000	mua	125.32712555	58	600.00000000	0.03580084		143		0	
587	960.20000000	284.70000000	mua	63.05283737	66	680.00000000	0.13118631		524		0	
588	3773.40000000	172.50000000	mua	111.73796082	63	660.00000000	0.21530578		860		0	
589	1270.60000000	19.80000000	mua	101.52046204	62	640.00000000	0.27363862		1093		0	
590	1105.30000000	0.00000000	mua	86.56744385	63	660.00000000	0.01326884		53		0	
591	1129.20000000	307.40000000	mua	94.23752594	62	640.00000000	0.02979231		119		0	
592	847.70000000	233.60000000	mua	67.06455994	62	640.00000000	0.04331151		173		0	
593	1694.70000000	108.30000000	mua	126.35356140	66	680.00000000	0.02803982		112		0	
594	1162.10000000	165.30000000	mua	88.82900238	65	680.00000000	0.01852631		74		0	
595	1343.80000000	94.30000000	mua	106.62037659	63	660.00000000	0.25761587		1029		0	
596	1131.60000000	215.90000000	mua	94.62394714	66	680.00000000	0.02253200		90		0	
597	1429.80000000	26.40000000	mua	101.77904510	73	760.00000000	0.05282502		211		0	
598	607.90000000	26.40000000	mua	48.42674637	78	820.00000000	0.22406822		895		0	
599	1438.00000000	550.80000000	mua	111.27270508	78	820.00000000	0.04831862		193		0	
600	2507.40000000	95.80000000	mua	83.83460999	76	800.00000000	0.51322889		2050		0	
601	2423.00000000	594.30000000	mua	133.13774109	77	800.00000000	0.12993453		519		0	
602	2055.80000000	762.30000000	mua	141.02987671	77	800.00000000	0.03454907		138		0	
603	2157.70000000	366.80000000	mua	137.97839355	77	800.00000000	0.09939116		397		0	
604	2231.40000000	1115.80000000	mua	130.48178101	77	800.00000000	0.08361876		334		0	
605	2860.80000000	599.10000000	mua	122.68318176	77	800.00000000	0.13544236		541		0	
606	1234.70000000	340.70000000	mua	95.20104218	78	820.00000000	0.07285347		291		0	
607	1619.30000000	975.00000000	mua	128.63352966	77	800.00000000	0.03855476		154		0	
608	1457.60000000	1453.60000000	mua	94.66038513	77	800.00000000	0.03104409		124		0	
609	956.10000000	0.00000000	good	101.66015625	79	820.00000000	1.13936814		4551		0	
610	1050.10000000	13.90000000	mua	73.34620667	83	860.00000000	1.16690725		4661		0	
611	1788.50000000	19.10000000	mua	130.47109985	83	860.00000000	0.68046640		2718		0	
612	975.80000000	453.70000000	mua	58.61345673	83	860.00000000	0.07911236		316		0	
613	3588.50000000	241.50000000	mua	175.97557068	82	860.00000000	0.57181209		2284		0	
614	1838.20000000	185.70000000	mua	136.46867371	82	860.00000000	0.09713796		388		0	
615	1792.70000000	0.00000000	good	136.38333130	83	860.00000000	0.31619907		1263		0	
616	2256.50000000	19.90000000	mua	154.80172729	83	860.00000000	0.45089036		1801		0	
617	2121.30000000	507.90000000	mua	171.95738220	83	860.00000000	0.07185204		287		0	
618	1702.90000000	0.00000000	mua	147.41226196	84	880.00000000	0.04155902		166		0	
619	1529.50000000	14.40000000	mua	118.24073029	86	900.00000000	1.72570085		6893		0	
620	1977.80000000	9.00000000	good	174.72230530	84	880.00000000	5.87509386	mua	23467		0	
621	1065.00000000	97.50000000	mua	86.71051788	86	900.00000000	0.16172969		646		0	
622	1693.10000000	0.00000000	good	117.23132324	85	880.00000000	0.11566427		462		0	
623	1799.00000000	0.00000000	mua	153.88354492	85	880.00000000	0.02553627		102		0	
624	1992.60000000	0.00000000	good	174.73191833	86	900.00000000	0.11165858		446		0	
627	1388.70000000	0.00000000	mua	127.20987701	99	1020.00000000	0.00400569		16		0	
628	963.00000000	7485.00000000	mua	83.32201385	99	1020.00000000	0.02879089		115		0	
629	2063.20000000	396.60000000	mua	79.56246948	106	1100.00000000	0.09538547		381		0	
630	1838.00000000	2680.00000000	mua	91.30972290	114	1180.00000000	0.27288756		1090		0	
631	1256.00000000	930.10000000	mua	96.10078430	114	1180.00000000	1.45581756		5815		0	
632	1132.90000000	100.00000000	good	106.95726776	113	1180.00000000	0.00650924		26		0	
633	1332.00000000	inf	mua	113.01176453	113	1180.00000000	0.00650924		26		0	
634	2089.90000000	6930.60000000	mua	148.59819031	116	1200.00000000	0.06684493		267		0	
635	2748.30000000	4360.50000000	mua	113.57981873	120	1240.00000000	0.25861729		1033		0	
636	1935.20000000	3465.30000000	mua	157.76144409	121	1260.00000000	0.10514933		420		0	
637	688.70000000	0.00000000	good	70.21952820	124	1280.00000000	0.10765289		430		0	
638	1201.90000000	0.00000000	mua	101.31851196	124	1280.00000000	0.01001422		40		0	
639	1053.40000000	0.00000000	mua	85.98576355	124	1280.00000000	0.01702418		68		0	
640	1420.80000000	0.00000000	mua	121.86959076	126	1300.00000000	0.01126600		45		0	
641	1540.80000000	2275.40000000	mua	126.96949005	122	1260.00000000	0.20103551		803		0	
642	1531.60000000	73.20000000	mua	89.69216156	132	1360.00000000	1.72720299		6899		0	
643	874.30000000	3.70000000	good	91.47362518	144	1480.00000000	3.04582571		12166		0	
644	1138.60000000	0.00000000	mua	98.34652710	142	1460.00000000	0.04381222		175		0	
645	946.80000000	100.00000000	good	91.25276947	145	1500.00000000	0.00675960		27		0	
646	915.60000000	0.00000000	mua	80.12495422	139	1440.00000000	0.02803982		112		0	
647	748.40000000	100.00000000	good	76.39164734	146	1500.00000000	0.00500711		20		0	
648	1098.10000000	644.60000000	mua	86.79496002	143	1480.00000000	0.40106960		1602		0	
649	1068.90000000	4990.00000000	mua	84.05433655	143	1480.00000000	0.02979231		119		0	
650	1472.20000000	1815.70000000	mua	124.06312561	143	1480.00000000	0.24459738		977		0	
651	1163.60000000	2255.60000000	mua	91.79334259	143	1480.00000000	0.22006253		879		0	
652	2009.80000000	45.70000000	mua	144.03063965	153	1580.00000000	1.19144210		4759		0	
653	1723.30000000	37.30000000	mua	82.05281067	153	1580.00000000	0.58082489		2320		0	
654	992.50000000	100.00000000	mua	83.93437958	145	1500.00000000	0.00675960		27		0	
655	1058.50000000	100.00000000	mua	91.86301422	146	1500.00000000	0.00851209		34		0	
656	934.20000000	0.00000000	good	92.35519409	145	1500.00000000	0.90228143		3604		0	
657	1095.80000000	0.00000000	mua	93.80712891	145	1500.00000000	0.01051493		42		0	
658	945.10000000	100.00000000	good	88.75444794	145	1500.00000000	0.01076529		43		0	
659	1289.80000000	100.00000000	good	122.74258423	149	1540.00000000	0.00751067		30		0	
660	2431.80000000	58.70000000	mua	155.23849487	149	1540.00000000	0.99741654		3984		0	
661	2206.10000000	9.70000000	good	133.72454834	149	1540.00000000	0.21330293		852		0	
662	1575.70000000	0.00000000	mua	113.57878113	151	1560.00000000	0.02503556		100		0	
663	1898.00000000	0.00000000	mua	137.11465454	153	1580.00000000	0.03254622		130		0	
664	1556.70000000	146.20000000	mua	125.45744324	154	1600.00000000	0.12843240		513		0	
665	1530.70000000	0.00000000	mua	128.27912903	158	1640.00000000	0.09213084		368		0	
666	1607.30000000	97.90000000	mua	115.64063263	158	1640.00000000	0.14120053		564		0	
667	1685.50000000	485.10000000	mua	119.62818146	161	1660.00000000	0.04055760		162		0	
668	433.50000000	107.20000000	mua	35.94799423	175	1800.00000000	0.67671107		2703		0	
669	633.20000000	0.00000000	mua	52.60342407	152	1580.00000000	0.00776102		31		0	
670	410.80000000	100.00000000	mua	35.20133972	178	1840.00000000	0.01276813		51		0	
671	2209.30000000	466.70000000	mua	168.87010193	162	1680.00000000	0.07185204		287		0	
672	1844.00000000	inf	mua	168.33367920	162	1680.00000000	0.00751067		30		0	
673	1290.60000000	0.00000000	mua	102.91265869	158	1640.00000000	0.02603698		104		0	
674	2308.80000000	0.00000000	mua	159.59661865	165	1700.00000000	0.09813938		392		0	
675	1250.70000000	100.00000000	good	138.29917908	168	1740.00000000	0.01026458		41		0	
676	1121.80000000	100.00000000	good	114.33958435	166	1720.00000000	0.02278236		91		0	
677	1348.60000000	100.00000000	mua	121.60876465	171	1760.00000000	0.00325462		13		0	
678	1246.90000000	0.00000000	mua	111.27955627	171	1760.00000000	0.02077951		83		0	
679	1119.30000000	100.00000000	good	105.80257416	168	1740.00000000	0.01026458		41		0	
680	784.50000000	0.00000000	good	85.91882324	177	1820.00000000	3.92106873	mua	15662		0	
681	942.50000000	28.50000000	mua	73.73509216	175	1800.00000000	1.86790281		7461		0	
683	1005.40000000	0.00000000	mua	79.16459656	179	1840.00000000	0.04130867		165		0	
684	1827.50000000	0.00000000	mua	138.76327515	180	1860.00000000	0.02703840		108		0	
685	749.00000000	0.00000000	good	71.74719238	180	1860.00000000	0.33147076		1324		0	
686	1317.20000000	0.00000000	mua	94.35800171	189	1960.00000000	0.17975529		718		0	
687	1468.40000000	296.10000000	mua	77.71684265	29	300.00000000	0.11541391		461		0	
688	1188.10000000	25.60000000	mua	100.19735718	44	460.00000000	0.34098427		1362		0	
689	1799.70000000	132.70000000	mua	108.66754150	50	520.00000000	0.13919769		556		0	
690	1416.00000000	100.00000000	mua	111.54661560	56	580.00000000	0.00976387		39		0	
691	1288.60000000	205.60000000	mua	99.91770172	56	580.00000000	0.19402556		775		0	
692	1116.30000000	0.00000000	mua	92.07833862	49	520.00000000	0.03179516		127		0	
693	1159.60000000	0.00000000	mua	90.22167969	49	520.00000000	0.01326884		53		0	
694	1203.50000000	486.40000000	mua	95.53547668	54	560.00000000	0.10064293		402		0	
695	789.90000000	184.80000000	mua	60.68729401	66	680.00000000	0.03680227		147		0	
696	1205.60000000	0.00000000	mua	103.54083252	62	640.00000000	0.00625889		25		0	
697	1698.90000000	0.00000000	mua	111.87086487	67	700.00000000	0.01552204		62		0	
698	1046.30000000	260.00000000	mua	88.33078003	73	760.00000000	0.01226742		49		0	
699	942.20000000	0.00000000	mua	79.56265259	73	760.00000000	0.01777524		71		0	
700	1310.20000000	0.00000000	mua	103.58044434	74	780.00000000	0.02528591		101		0	
701	1501.50000000	353.60000000	mua	85.15481567	78	820.00000000	0.25235840		1008		0	
702	2618.00000000	412.30000000	mua	114.14499664	78	820.00000000	0.19477662		778		0	
703	1591.40000000	216.70000000	mua	129.47930908	77	800.00000000	0.03154480		126		0	
704	1530.80000000	842.60000000	mua	126.47009277	77	800.00000000	0.01552204		62		0	
705	1109.80000000	390.00000000	mua	83.17289734	79	820.00000000	0.02803982		112		0	
706	1470.30000000	693.10000000	mua	62.12889099	78	820.00000000	0.08161591		326		0	
707	2257.90000000	184.00000000	mua	168.26783752	82	860.00000000	0.06409102		256		0	
708	2189.60000000	314.60000000	mua	133.17405701	83	860.00000000	0.28966138		1157		0	
709	1471.10000000	0.00000000	mua	116.21425629	84	880.00000000	0.01702418		68		0	
710	1303.90000000	48.70000000	mua	106.61019897	84	880.00000000	0.56705534		2265		0	
711	2136.10000000	4.90000000	good	147.88259888	85	880.00000000	0.59985191		2396		0	
712	1552.80000000	100.00000000	mua	135.43182373	85	880.00000000	0.01076529		43		0	
713	1970.90000000	3572.20000000	mua	140.98164368	99	1020.00000000	0.48518907		1938		0	
714	1595.80000000	100.00000000	good	148.69737244	99	1020.00000000	0.00951351		38		0	
715	1267.20000000	3196.30000000	mua	111.20321655	99	1020.00000000	0.26712938		1067		0	
716	982.20000000	612.30000000	mua	84.74256897	101	1040.00000000	0.17024178		680		0	
717	2240.20000000	6936.10000000	mua	135.47689819	116	1200.00000000	0.09964151		398		0	
718	888.80000000	0.70000000	good	87.52773285	126	1300.00000000	0.95260289		3805		0	
719	1140.70000000	0.00000000	mua	87.69798279	126	1300.00000000	0.01001422		40		0	
720	860.20000000	8.30000000	good	105.57964325	139	1440.00000000	9.32399201	mua	37243		0	
721	888.60000000	100.00000000	mua	70.93200684	145	1500.00000000	0.02403413		96		0	
722	1267.00000000	0.00000000	mua	94.63175201	146	1500.00000000	0.03404836		136		0	
723	880.10000000	100.00000000	good	90.88012695	143	1480.00000000	0.01877667		75		0	
724	1849.40000000	58.90000000	mua	121.48939514	153	1580.00000000	0.83493578		3335		0	
725	1262.90000000	37.00000000	mua	78.63584137	153	1580.00000000	0.34073391		1361		0	
726	1007.50000000	0.00000000	mua	86.87083435	145	1500.00000000	0.04431293		177		0	
727	1822.60000000	0.00000000	mua	151.24291992	149	1540.00000000	0.00751067		30		0	
728	1436.10000000	0.00000000	mua	124.84230042	153	1580.00000000	0.01452062		58		0	
729	1353.10000000	0.00000000	mua	101.84159851	151	1560.00000000	0.01977809		79		0	
730	495.40000000	100.00000000	good	51.74441910	155	1600.00000000	0.01952773		78		0	
731	1475.90000000	0.00000000	good	136.06991577	168	1740.00000000	0.31069125		1241		0	
732	1013.30000000	0.00000000	mua	89.63732910	172	1780.00000000	0.44287898		1769		0	
733	1370.90000000	0.00000000	mua	120.40599823	171	1760.00000000	0.01927738		77		0	
734	1197.90000000	62.00000000	mua	104.14781189	168	1740.00000000	0.41258596		1648		0	
735	916.50000000	114.00000000	mua	80.54022217	171	1760.00000000	0.14270267		570		0	
736	2512.90000000	0.00000000	good	160.82582092	180	1860.00000000	0.12042102		481		0	
737	985.90000000	0.00000000	mua	70.75404358	189	1960.00000000	0.06509244		260		0	
738	1525.40000000	2495.00000000	mua	128.65037537	84	880.00000000	0.01126600		45		0	
739	1588.50000000	0.00000000	mua	135.29243469	84	880.00000000	0.01276813		51		0	
740	3059.90000000	813.60000000	mua	140.34335327	99	1020.00000000	0.18801702		751		0	
741	1393.50000000	0.00000000	mua	108.87155151	126	1300.00000000	0.01251778		50		0	
742	947.50000000	100.00000000	good	69.25399780	143	1480.00000000	0.00851209		34		0	
743	1861.50000000	0.00000000	mua	152.75709534	149	1540.00000000	0.01702418		68		0	
744	2150.90000000	0.00000000	mua	150.40505981	149	1540.00000000	0.04556471		182		0	
745	1316.80000000	100.00000000	good	114.18743134	151	1560.00000000	0.00450640		18		0	
746	830.20000000	0.00000000	mua	71.54084778	153	1580.00000000	0.00801138		32		0	
747	4337.40000000	0.00000000	mua	141.31974792	99	1020.00000000	0.19502698		779		0	
748	830.80000000	100.00000000	good	77.04291534	146	1500.00000000	0.01577240		63		0	
749	742.60000000	0.80000000	good	75.01010132	190	1960.00000000	45.07651805	mua	180050		0	
751	1078.80000000	9.70000000	good	103.60205078	174	1800.00000000	36.84958409	mua	147189		0	
752	813.50000000	9.00000000	good	85.45182800	184	1900.00000000	30.68357707	mua	122560		0	
754	1660.50000000	1.60000000	good	110.56007385	185	1920.00000000	37.94263645	mua	151555		0	
757	740.60000000	3.50000000	good	70.83945465	249	2560.00000000	36.95072773	mua	147593		0	
759	946.30000000	3.90000000	good	88.02932739	181	1860.00000000	18.24941798	mua	72894		0	
762	824.40000000	0.70000000	good	82.92133331	87	900.00000000	14.93020400	mua	59636		0	
763	765.40000000	3.00000000	good	76.58359528	252	2600.00000000	18.20285184	mua	72708		0	
764	1021.60000000	1.00000000	good	74.63092041	177	1820.00000000	12.15526301	mua	48552		0	
766	1408.10000000	0.80000000	good	120.20398712	179	1840.00000000	23.06125178	mua	92114		0	
767	2475.90000000	8.70000000	good	163.56758118	151	1560.00000000	9.46193792	mua	37794		0	
769	1198.50000000	1.90000000	good	80.45594025	177	1820.00000000	12.20858874	mua	48765		0	
770	1507.70000000	1.00000000	good	134.52508545	174	1800.00000000	11.79475100	mua	47112		0	
772	1280.60000000	2.20000000	good	148.91181946	99	1020.00000000	8.27725543	mua	33062		0	
773	1116.20000000	4.40000000	good	88.04434967	88	920.00000000	9.61390375	mua	38401		0	
774	841.90000000	0.70000000	good	74.63047028	254	2620.00000000	5.79397866	mua	23143		0	
